{"pages": [{"page_idx": 0, "dimensions": [3264, 2448], "orientation": {"value": null, "confidence": null}, "language": {"value": null, "confidence": null}, "blocks": [{"geometry": [[0.625, 0.44921875], [0.7252604166666666, 0.5341796875]], "lines": [{"geometry": [[0.6354166666666666, 0.44921875], [0.7174479166666666, 0.4990234375]], "words": [{"value": "55", "confidence": 0.8708464503288269, "geometry": [[0.6354166666666666, 0.44921875], [0.7174479166666666, 0.4990234375]]}]}, {"geometry": [[0.625, 0.486328125], [0.7252604166666666, 0.5341796875]], "words": [{"value": "023", "confidence": 0.5644121170043945, "geometry": [[0.625, 0.486328125], [0.7252604166666666, 0.5341796875]]}]}], "artefacts": []}]}]}