{"pages": [{"page_idx": 0, "dimensions": [1459, 1769], "orientation": {"value": null, "confidence": null}, "language": {"value": null, "confidence": null}, "blocks": [{"geometry": [[0.4228515625, 0.3792261930260452], [0.6787109375, 0.5603869034869774]], "lines": [{"geometry": [[0.4248046875, 0.3792261930260452], [0.6787109375, 0.45145366582419466]], "words": [{"value": "LOTE:3H7720", "confidence": 0.7133679389953613, "geometry": [[0.4248046875, 0.3792261930260452], [0.6787109375, 0.45145366582419466]]}]}, {"geometry": [[0.423828125, 0.43842903958190543], [0.6748046875, 0.505920284655586]], "words": [{"value": "FAB:06/2023", "confidence": 0.6541861891746521, "geometry": [[0.423828125, 0.43842903958190543], [0.6748046875, 0.505920284655586]]}]}, {"geometry": [[0.4228515625, 0.48934348761994517], [0.67578125, 0.5603869034869774]], "words": [{"value": "VAL:06/2025", "confidence": 0.8086536526679993, "geometry": [[0.4228515625, 0.48934348761994517], [0.67578125, 0.5603869034869774]]}]}], "artefacts": []}]}]}