{"pages": [{"page_idx": 0, "dimensions": [3264, 2448], "orientation": {"value": null, "confidence": null}, "language": {"value": null, "confidence": null}, "blocks": [{"geometry": [[0.4348958333333333, 0.5107421875], [0.6263020833333334, 0.6025390625]], "lines": [{"geometry": [[0.4348958333333333, 0.5107421875], [0.6263020833333334, 0.5419921875]], "words": [{"value": "B22L2564", "confidence": 0.7953597903251648, "geometry": [[0.4348958333333333, 0.5107421875], [0.6263020833333334, 0.5419921875]]}]}, {"geometry": [[0.453125, 0.5380859375], [0.6145833333333334, 0.57421875]], "words": [{"value": ":", "confidence": 0.5717228055000305, "geometry": [[0.453125, 0.544921875], [0.4921875, 0.564453125]]}, {"value": "11/2022", "confidence": 0.5058217644691467, "geometry": [[0.484375, 0.5380859375], [0.6145833333333334, 0.57421875]]}]}, {"geometry": [[0.4375, 0.57421875], [0.6106770833333334, 0.6025390625]], "words": [{"value": "0.11/2024", "confidence": 0.41143301129341125, "geometry": [[0.4375, 0.57421875], [0.6106770833333334, 0.6025390625]]}]}], "artefacts": []}]}]}