{
    "pages": [
        {
            "page_idx": 0,
            "dimensions": [
                465,
                620
            ],
            "orientation": {
                "value": null,
                "confidence": null
            },
            "language": {
                "value": null,
                "confidence": null
            },
            "blocks": [
                {
                    "geometry": [
                        [
                            0.1826171875,
                            0.08463541666666669
                        ],
                        [
                            0.72265625,
                            0.1953125
                        ]
                    ],
                    "lines": [
                        {
                            "geometry": [
                                [
                                    0.1826171875,
                                    0.08463541666666669
                                ],
                                [
                                    0.72265625,
                                    0.1953125
                                ]
                            ],
                            "words": [
                                {
                                    "value": "OLOTEEVALIDADE",
                                    "confidence": 0.9736492037773132,
                                    "geometry": [
                                        [
                                            0.1826171875,
                                            0.10807291666666669
                                        ],
                                        [
                                            0.443359375,
                                            0.1953125
                                        ]
                                    ]
                                },
                                {
                                    "value": "EST\u00c0O",
                                    "confidence": 0.6408660411834717,
                                    "geometry": [
                                        [
                                            0.435546875,
                                            0.10026041666666669
                                        ],
                                        [
                                            0.533203125,
                                            0.17057291666666669
                                        ]
                                    ]
                                },
                                {
                                    "value": "ABAIXO",
                                    "confidence": 0.9809861779212952,
                                    "geometry": [
                                        [
                                            0.53125,
                                            0.09244791666666669
                                        ],
                                        [
                                            0.640625,
                                            0.16145833333333331
                                        ]
                                    ]
                                },
                                {
                                    "value": "InsN",
                                    "confidence": 0.3423091769218445,
                                    "geometry": [
                                        [
                                            0.6357421875,
                                            0.08463541666666669
                                        ],
                                        [
                                            0.72265625,
                                            0.14973958333333331
                                        ]
                                    ]
                                }
                            ]
                        }
                    ],
                    "artefacts": []
                },
                {
                    "geometry": [
                        [
                            0.2919921875,
                            0.20703125
                        ],
                        [
                            0.53125,
                            0.30989583333333337
                        ]
                    ],
                    "lines": [
                        {
                            "geometry": [
                                [
                                    0.2919921875,
                                    0.20703125
                                ],
                                [
                                    0.53125,
                                    0.30989583333333337
                                ]
                            ],
                            "words": [
                                {
                                    "value": "FAB17",
                                    "confidence": 0.9297469258308411,
                                    "geometry": [
                                        [
                                            0.2919921875,
                                            0.20703125
                                        ],
                                        [
                                            0.53125,
                                            0.30989583333333337
                                        ]
                                    ]
                                }
                            ]
                        }
                    ],
                    "artefacts": []
                },
                {
                    "geometry": [
                        [
                            0.716796875,
                            0.19791666666666669
                        ],
                        [
                            0.8076171875,
                            0.29296875
                        ]
                    ],
                    "lines": [
                        {
                            "geometry": [
                                [
                                    0.716796875,
                                    0.19791666666666669
                                ],
                                [
                                    0.8076171875,
                                    0.29296875
                                ]
                            ],
                            "words": [
                                {
                                    "value": "15",
                                    "confidence": 0.999415397644043,
                                    "geometry": [
                                        [
                                            0.716796875,
                                            0.19791666666666669
                                        ],
                                        [
                                            0.8076171875,
                                            0.29296875
                                        ]
                                    ]
                                }
                            ]
                        }
                    ],
                    "artefacts": []
                },
                {
                    "geometry": [
                        [
                            0.2861328125,
                            0.34505208333333337
                        ],
                        [
                            0.5439453125,
                            0.4583333333333333
                        ]
                    ],