{"pages": [{"page_idx": 0, "dimensions": [3264, 2448], "orientation": {"value": null, "confidence": null}, "language": {"value": null, "confidence": null}, "blocks": [{"geometry": [[0.40234375, 0.52734375], [0.6966145833333334, 0.611328125]], "lines": [{"geometry": [[0.40625, 0.52734375], [0.6966145833333334, 0.5517578125]], "words": [{"value": "L:B2361170", "confidence": 0.9358147382736206, "geometry": [[0.40625, 0.52734375], [0.6966145833333334, 0.5517578125]]}]}, {"geometry": [[0.4049479166666667, 0.5537109375], [0.6158854166666666, 0.58203125]], "words": [{"value": "F:07/23", "confidence": 0.9900943636894226, "geometry": [[0.4049479166666667, 0.5537109375], [0.6158854166666666, 0.58203125]]}]}, {"geometry": [[0.40234375, 0.5830078125], [0.61328125, 0.611328125]], "words": [{"value": "V:07/25", "confidence": 0.9873794317245483, "geometry": [[0.40234375, 0.5830078125], [0.61328125, 0.611328125]]}]}], "artefacts": []}]}]}