{"pages": [{"page_idx": 0, "dimensions": [3264, 2448], "orientation": {"value": null, "confidence": null}, "language": {"value": null, "confidence": null}, "blocks": [{"geometry": [[0.36067708333333337, 0.51171875], [0.4947916666666667, 0.5751953125]], "lines": [{"geometry": [[0.36067708333333337, 0.51171875], [0.4947916666666667, 0.5751953125]], "words": [{"value": "23", "confidence": 0.9978470802307129, "geometry": [[0.36067708333333337, 0.517578125], [0.3815104166666667, 0.5322265625]]}, {"value": "Fia", "confidence": 0.3366720378398895, "geometry": [[0.37369791666666663, 0.51171875], [0.4947916666666667, 0.5751953125]]}]}], "artefacts": []}, {"geometry": [[0.4778645833333333, 0.5458984375], [0.5755208333333334, 0.583984375]], "lines": [{"geometry": [[0.4778645833333333, 0.5458984375], [0.5755208333333334, 0.583984375]], "words": [{"value": "V:05/26", "confidence": 0.3808309733867645, "geometry": [[0.4778645833333333, 0.5458984375], [0.5755208333333334, 0.583984375]]}]}], "artefacts": []}]}]}