{"pages": [{"page_idx": 0, "dimensions": [3264, 2448], "orientation": {"value": null, "confidence": null}, "language": {"value": null, "confidence": null}, "blocks": [{"geometry": [[0.5885416666666666, 0.9619140625], [0.69140625, 0.98828125]], "lines": [{"geometry": [[0.5885416666666666, 0.9619140625], [0.69140625, 0.98828125]], "words": [{"value": "-", "confidence": 0.7917525768280029, "geometry": [[0.5885416666666666, 0.9619140625], [0.6536458333333334, 0.98828125]]}, {"value": "", "confidence": 0.7353212833404541, "geometry": [[0.6354166666666666, 0.9638671875], [0.69140625, 0.9873046875]]}]}], "artefacts": []}]}]}