{"pages": [{"page_idx": 0, "dimensions": [2448, 3264], "orientation": {"value": null, "confidence": null}, "language": {"value": null, "confidence": null}, "blocks": [{"geometry": [[0.248046875, 0.43359375], [0.5888671875, 0.5091145833333334]], "lines": [{"geometry": [[0.248046875, 0.43359375], [0.5888671875, 0.5091145833333334]], "words": [{"value": "L.1723", "confidence": 0.9923492670059204, "geometry": [[0.248046875, 0.4596354166666667], [0.3701171875, 0.5078125]]}, {"value": "FAE", "confidence": 0.7717101573944092, "geometry": [[0.380859375, 0.4479166666666667], [0.4697265625, 0.5091145833333334]]}, {"value": "-", "confidence": 0.6798262000083923, "geometry": [[0.45703125, 0.47265625], [0.462890625, 0.48046875]]}, {"value": "09/23", "confidence": 0.8909744024276733, "geometry": [[0.458984375, 0.43359375], [0.5888671875, 0.5013020833333334]]}]}], "artefacts": []}]}]}