{"pages": [{"page_idx": 0, "dimensions": [3264, 2448], "orientation": {"value": null, "confidence": null}, "language": {"value": null, "confidence": null}, "blocks": [{"geometry": [[0.1640625, 0.4482421875], [0.9140625, 0.53515625]], "lines": [{"geometry": [[0.1640625, 0.4482421875], [0.9140625, 0.53515625]], "words": [{"value": "V-06/25L:140623", "confidence": 0.36234474182128906, "geometry": [[0.1640625, 0.458984375], [0.58984375, 0.53515625]]}, {"value": "BR10", "confidence": 0.9926840662956238, "geometry": [[0.5794270833333334, 0.4609375], [0.68359375, 0.51171875]]}, {"value": "1113:10", "confidence": 0.9048520922660828, "geometry": [[0.6822916666666666, 0.4482421875], [0.9140625, 0.51171875]]}]}], "artefacts": []}, {"geometry": [[0.09375, 0.5947265625], [0.24869791666666669, 0.623046875]], "lines": [{"geometry": [[0.09375, 0.5947265625], [0.24869791666666669, 0.623046875]], "words": [{"value": "PS0033872", "confidence": 0.9681042432785034, "geometry": [[0.09375, 0.5947265625], [0.24869791666666669, 0.623046875]]}]}], "artefacts": []}]}]}