{"pages": [{"page_idx": 0, "dimensions": [2448, 3264], "orientation": {"value": null, "confidence": null}, "language": {"value": null, "confidence": null}, "blocks": [{"geometry": [[0.3203125, 0.31640625], [0.6337890625, 0.453125]], "lines": [{"geometry": [[0.3427734375, 0.31640625], [0.62109375, 0.3932291666666667]], "words": [{"value": "3294046021", "confidence": 0.9951955676078796, "geometry": [[0.3427734375, 0.32291666666666663], [0.537109375, 0.3932291666666667]]}, {"value": "0943", "confidence": 0.9999679327011108, "geometry": [[0.544921875, 0.31640625], [0.62109375, 0.37109375]]}]}, {"geometry": [[0.3203125, 0.35416666666666663], [0.6337890625, 0.453125]], "words": [{"value": "VAL", "confidence": 0.9992716908454895, "geometry": [[0.3203125, 0.3854166666666667], [0.400390625, 0.453125]]}, {"value": "01:01.25N3+", "confidence": 0.42276087403297424, "geometry": [[0.3955078125, 0.35416666666666663], [0.6337890625, 0.453125]]}]}], "artefacts": []}]}]}