{"pages": [{"page_idx": 0, "dimensions": [3264, 2448], "orientation": {"value": null, "confidence": null}, "language": {"value": null, "confidence": null}, "blocks": [{"geometry": [[0.3763020833333333, 0.41015625], [0.6614583333333334, 0.4892578125]], "lines": [{"geometry": [[0.3763020833333333, 0.41015625], [0.6614583333333334, 0.4892578125]], "words": [{"value": "LOT", "confidence": 0.9837520122528076, "geometry": [[0.3763020833333333, 0.431640625], [0.4700520833333333, 0.4755859375]]}, {"value": "17523808", "confidence": 0.9460320472717285, "geometry": [[0.46875, 0.41015625], [0.6614583333333334, 0.46484375]]}, {"value": "06/26", "confidence": 0.9953324198722839, "geometry": [[0.4713541666666667, 0.4423828125], [0.6119791666666666, 0.4892578125]]}]}], "artefacts": []}, {"geometry": [[0.3880208333333333, 0.4560546875], [0.4908854166666667, 0.4970703125]], "lines": [{"geometry": [[0.3880208333333333, 0.4560546875], [0.4908854166666667, 0.4970703125]], "words": [{"value": "VAL:", "confidence": 0.832183837890625, "geometry": [[0.3880208333333333, 0.4560546875], [0.4908854166666667, 0.4970703125]]}]}], "artefacts": []}]}]}