{"pages": [{"page_idx": 0, "dimensions": [352, 620], "orientation": {"value": null, "confidence": null}, "language": {"value": null, "confidence": null}, "blocks": [{"geometry": [[0.62890625, 0.5034401633522727], [0.7314453125, 0.6100852272727273]], "lines": [{"geometry": [[0.62890625, 0.5034401633522727], [0.7314453125, 0.6100852272727273]], "words": [{"value": "11", "confidence": 0.9953996539115906, "geometry": [[0.62890625, 0.5034401633522727], [0.7314453125, 0.6100852272727273]]}]}], "artefacts": []}, {"geometry": [[0.453125, 0.6032049005681819], [0.740234375, 0.7253306995738636]], "lines": [{"geometry": [[0.453125, 0.6032049005681819], [0.740234375, 0.7253306995738636]], "words": [{"value": "2/2013", "confidence": 0.49894627928733826, "geometry": [[0.453125, 0.6032049005681819], [0.740234375, 0.7253306995738636]]}]}], "artefacts": []}, {"geometry": [[0.4873046875, 0.7201704545454546], [0.76171875, 0.8319757634943181]], "lines": [{"geometry": [[0.4873046875, 0.7201704545454546], [0.76171875, 0.8319757634943181]], "words": [{"value": "168", "confidence": 0.9385618567466736, "geometry": [[0.4873046875, 0.7236106178977273], [0.677734375, 0.8302556818181819]]}, {"value": "T", "confidence": 0.9930446743965149, "geometry": [[0.681640625, 0.7201704545454546], [0.76171875, 0.8319757634943181]]}]}], "artefacts": []}]}]}